home-page-229a8642	1600x2400	Home page	Copy of 229A8642.jpg
home-page-229a8966	1600x2400	Home page	Copy of 229A8966.jpg
home-page-229a9409	1600x2400	Home page	Copy of 229A9409.jpg
home-page-dji-0219	2400x1348	Home page	Copy of DJI_0219.jpg
home-page-dji-0903	2400x1348	Home page	DJI_0903.JPG
home-page-crop-our-car-copy-of-dji-0210	2400x1348	Home page	crop our car - Copy of DJI_0210.jpg
home-page-home-page	1600x2400	Home page	home page.jpg
home-page-home-page3	1600x2400	Home page	home page3.jpg
home-page-homepage-9	2400x1600	Home page	homepage 9.jpg
home-page-homepage10	1600x2400	Home page	homepage10.jpg
home-page-homepage11	2400x1348	Home page	homepage11.jpg
home-page-homepage12	2400x1350	Home page	homepage12.jpg
home-page-homepage13	2400x1348	Home page	homepage13.jpg
home-page-homepage14	2400x1600	Home page	homepage14.jpg
home-page-homepage2	1600x2400	Home page	homepage2.jpg
home-page-homepage3	1296x2400	Home page	homepage3.jpg
home-page-homepage5	2400x1350	Home page	homepage5.jpg
home-page-homepage6	1600x2400	Home page	homepage6.jpg
home-page-homepage7	1600x2400	Home page	homepage7.jpg
home-page-homepage8	1600x2400	Home page	homepage8.jpg
lifestyle-we-229a8854	1600x2400	Lifestyle wellness blogs & recipes	Copy of 229A8854.jpg
lifestyle-we-229a8909	1600x2400	Lifestyle wellness blogs & recipes	Copy of 229A8909.jpg
lifestyle-we-dji-20251108142610-0450-d	1296x2400	Lifestyle wellness blogs & recipes	Copy of DJI_20251108142610_0450_D.jpg
our-partners-229a8593	1600x2400	Our partners	Copy of 229A8593.jpg
our-partners-229a8625	1600x2400	Our partners	Copy of 229A8625.jpg
our-partners-229a8640	1600x2400	Our partners	Copy of 229A8640.jpg
our-partners-229a8838	1600x2400	Our partners	Copy of 229A8838.jpg
our-partners-229a8851	1600x2400	Our partners	Copy of 229A8851.jpg
our-partners-229a8915	1600x2400	Our partners	Copy of 229A8915.jpg
our-partners-229a9248	2400x1600	Our partners	Copy of 229A9248.jpg
our-partners-229a9328	1600x2400	Our partners	Copy of 229A9328.jpg
our-partners-kingfish-2025	1936x2400	Our partners	Kingfish 2025.jpg
our-partners-luca-pic	1920x2400	Our partners	Luca pic.JPG
our-partners-tortelli-2025	1920x2400	Our partners	Tortelli 2025.JPG
our-partners-tuna-pic-2	1920x2400	Our partners	Tuna pic 2.jpg
retreats-eve-229a8246	2400x1600	Retreats, events & bookings	Copy of 229A8246.jpg
retreats-eve-229a8358	1600x2400	Retreats, events & bookings	Copy of 229A8358.jpg
retreats-eve-229a8403	1600x2400	Retreats, events & bookings	Copy of 229A8403.jpg
retreats-eve-229a8450	1600x2400	Retreats, events & bookings	Copy of 229A8450.jpg
retreats-eve-229a8491	1600x2400	Retreats, events & bookings	Copy of 229A8491.jpg
retreats-eve-229a8504	1600x2400	Retreats, events & bookings	Copy of 229A8504.jpg
retreats-eve-229a8527	1600x2400	Retreats, events & bookings	Copy of 229A8527.jpg
retreats-eve-229a8579	1600x2400	Retreats, events & bookings	Copy of 229A8579.jpg
retreats-eve-229a8589	1600x2400	Retreats, events & bookings	Copy of 229A8589.jpg
retreats-eve-229a8593	1600x2400	Retreats, events & bookings	Copy of 229A8593.jpg
retreats-eve-229a8698	1600x2400	Retreats, events & bookings	Copy of 229A8698.jpg
retreats-eve-229a8728	1600x2400	Retreats, events & bookings	Copy of 229A8728.jpg
retreats-eve-229a8736	1600x2400	Retreats, events & bookings	Copy of 229A8736.jpg
retreats-eve-229a8739	1600x2400	Retreats, events & bookings	Copy of 229A8739.jpg
retreats-eve-229a8748	1600x2400	Retreats, events & bookings	Copy of 229A8748.jpg
retreats-eve-229a8752	1600x2400	Retreats, events & bookings	Copy of 229A8752.jpg
retreats-eve-229a8796	1600x2400	Retreats, events & bookings	Copy of 229A8796.jpg
retreats-eve-229a8909	1600x2400	Retreats, events & bookings	Copy of 229A8909.jpg
retreats-eve-229a8911	1600x2400	Retreats, events & bookings	Copy of 229A8911.jpg
retreats-eve-229a8923	2400x1600	Retreats, events & bookings	Copy of 229A8923.jpg
retreats-eve-229a8924	1600x2400	Retreats, events & bookings	Copy of 229A8924.jpg
retreats-eve-229a9318	1600x2400	Retreats, events & bookings	Copy of 229A9318.jpg
retreats-eve-229a9336	1600x2400	Retreats, events & bookings	Copy of 229A9336.jpg
retreats-eve-229a9342	1600x2400	Retreats, events & bookings	Copy of 229A9342.jpg
retreats-eve-229a9365	1600x2400	Retreats, events & bookings	Copy of 229A9365.jpg
retreats-eve-229a9408	1600x2400	Retreats, events & bookings	Copy of 229A9408.jpg
retreats-eve-229a9426	1600x2400	Retreats, events & bookings	Copy of 229A9426.jpg
retreats-eve-dji-0210-crop-out-car	2400x1348	Retreats, events & bookings	Copy of DJI_0210 - crop out car .jpg
retreats-eve-dji-20251108142617-0452-d	1296x2400	Retreats, events & bookings	Copy of DJI_20251108142617_0452_D.jpg
retreats-eve-dji-20251109100743-0026-d	2400x1350	Retreats, events & bookings	Copy of DJI_20251109100743_0026_D.jpg
the-science--balance	1600x2400	The science behind la maréa	Balance_.jpg
the-science--229a8188	2400x1600	The science behind la maréa	Copy of 229A8188.jpg
the-science--229a8210	1600x2400	The science behind la maréa	Copy of 229A8210.jpg
the-science--229a9323	1600x2400	The science behind la maréa	Copy of 229A9323.jpg
the-science--dji-0223	2400x1348	The science behind la maréa	Copy of DJI_0223.jpg
the-science--zoom-up-further-connection-copy-of-dji-20251108132519-0437-d	2400x1353	The science behind la maréa	zoom up further - connection Copy of DJI_20251108132519_0437_D.jpg
